chromosome	position	rsid	effect_allele	other_allele	beta	se	pvalue
1	13842659	rs8022336	T	T	-0.07790138430336924	0.01415727842671696	0.362437698302603
1	15677069	rs3735264	C	A	-0.13805433452474095	0.019921739691889154	0.7538675351861867
1	16814828	rs5235042	A	T	-0.07691152234423898	0.022275305694694825	0.3275588896584806
1	19892008	rs6984684	A	T	0.0512499552221517	0.024815444991065163	5.973828629523111e-06
1	20931456	rs9859060	G	C	0.24844673686414334	0.023876396981477116	0.4658310949655925
1	31061031	rs2400283	C	A	0.07348935034743388	0.019849141666854326	1.953410615861485e-08
1	32206052	rs7238795	C	G	-0.13113727250876525	0.021708644573702172	0.20107314139842464
1	36409403	rs7610734	T	A	-0.04919733691391198	0.026220269479310932	0.8843777032575011
1	40010202	rs5137270	G	T	-0.12288004185521376	0.025177916438114862	0.9487449077057595
1	46791733	rs1978039	C	A	0.034162921936911436	0.019642771714506096	0.2533646364879608
1	47547339	rs5537358	C	C	-0.1740981857368374	0.019159724671558177	5.2812743846133924e-06
1	58395058	rs7611653	G	G	0.06501903807307545	0.020898592265492247	0.7129628782587272
1	59842658	rs2839433	C	T	0.163894082734419	0.020860606861677216	0.2204914886363694
1	60376958	rs6672605	G	A	-0.07029974602698401	0.01302333136873602	0.4149770656879242
1	72572282	rs9104789	C	A	-0.021974030340287665	0.023534087146568673	0.9833058237618992
1	76524262	rs9900019	C	A	0.009417944168040884	0.027200367582667275	0.8849654585375061
1	93924887	rs5894287	G	T	0.14385424845122902	0.023143579304001526	3.3857620945731274e-08
1	101727619	rs3366610	A	T	0.14321701435246334	0.015667896942757227	0.04199500905529913
1	106967805	rs9369066	G	C	-0.08479798776553342	0.029839494714640674	0.9156730755393273
1	110039037	rs7046914	G	C	0.22344789013493094	0.020866707118567772	0.6547125282655455
1	118922192	rs5422375	A	C	-0.0018316859442851171	0.019177917797693095	0.3499514400802445
1	127111882	rs2946793	G	A	-0.06236054349292067	0.015730301458061535	0.7243471628854764
1	128212314	rs5108880	G	C	-0.031682176129179736	0.024651280781209754	0.20622534291008904
1	131876923	rs6105724	A	A	0.07367577554410883	0.026806050576605595	0.3447879722584463
1	139795966	rs9997354	G	T	-0.08555113579782533	0.024906570639993908	0.9535355625005303
1	140066015	rs8487345	C	T	-0.006718358066191689	0.029681946512844552	0.11842385502554012
1	151732605	rs3710241	T	T	-0.0776481808059643	0.024395881507172132	0.9335717477468135
1	157601538	rs3383366	T	A	0.15825939654815924	0.024200049133728037	0.5754136331922755
1	158155630	rs8744064	T	T	-0.09225127303770822	0.01619155896883201	5.8563918248819455e-06
1	159230518	rs8415745	G	G	-0.04923510121395608	0.02356530590463302	0.44639242639429216
1	164584805	rs5851188	C	C	0.011095609606804375	0.023942743091586505	0.5105666897913841
1	167261173	rs4337920	G	A	0.06938557630079216	0.018568040632516117	0.5468804971163859
1	183784092	rs6122930	C	T	0.18285936130649974	0.01664581981633253	0.9111691734972274
1	183984073	rs9533879	A	C	0.08678469430312954	0.015776417691219524	0.7068407874019834
1	188268645	rs4761675	A	C	-0.1441132619856603	0.014703436894411288	0.4548778940784402
1	193752163	rs1605409	G	A	0.0829962173071372	0.01671845304384867	0.20344444077133986
2	2722320	rs3420564	G	T	-0.04937599423604562	0.020756988439466037	0.09491749218293354
2	10810404	rs6004998	G	C	0.08570919969870225	0.01471264403902095	0.7219320082234043
2	12145552	rs8185197	G	G	-0.06279165225980826	0.0256161966241191	0.5948072666456429
2	26301054	rs7429611	C	G	-0.02558813576705317	0.024061198904696098	0.8102604841136644
2	44558992	rs5987696	C	A	-0.0607345598765455	0.019041470430514316	0.2855159250307104
2	63784216	rs1914228	G	A	-0.007907874760635166	0.01912681074095035	1.2356578485938041e-08
2	73017911	rs4220281	T	C	-0.25018028613878635	0.014141650709663549	0.450781776123525
2	87205129	rs6166650	A	C	-0.016890078030743792	0.01625094296416771	0.7997207667772216
2	93792001	rs9888923	C	A	0.029144992321180636	0.01783370058256228	0.37356106549967144
2	93800518	rs3792427	T	G	-0.06869157557924876	0.01568975059297753	0.25823843735596336
2	95562311	rs7714301	G	C	-0.05424680667061961	0.023439834760580168	0.6853984894925713
2	111933452	rs5261946	C	C	0.011082109513380319	0.02104534615058933	0.6319923605093851
2	113521305	rs6579079	T	G	0.0852166788251833	0.024875255476517342	4.2534013179562054e-08
2	114245302	rs7918889	A	G	-0.12502464981203196	0.02900329314981783	0.7127805484400689
2	123332984	rs2059622	G	G	-0.03190076667528238	0.023364431081587256	0.383290406799805
2	124291756	rs9204298	G	A	0.13694409764241042	0.0201397572762223	0.706161440534033
2	126966143	rs7555035	T	C	-0.11654426702200196	0.010174497128232055	0.5821479861397227
2	129050312	rs4961352	A	A	-0.038037605421959	0.01842020636777175	0.7867104736239021
2	136852884	rs8271476	C	G	0.09804849995205722	0.022781087894987513	7.863424674584351e-06
2	158458712	rs7123769	A	T	-0.0974036223117877	0.030632177944866043	0.7535970947994455
2	161996370	rs4369538	G	T	0.13743095131790953	0.018323021386131035	0.4438647498294169
2	166916991	rs9493836	G	A	-0.0895998806814502	0.01458094575006582	2.0841837107979913e-06
2	174519532	rs6908635	T	T	-0.10105940867066072	0.010925634778128877	0.8071912468980001
2	187261879	rs6411263	C	C	-0.006407030012849757	0.023209077651208457	0.34889658614107316
3	2222869	rs9070924	T	C	0.018280690920533662	0.022058931455229334	0.3069114441494381
3	6562067	rs8985620	T	C	0.10999049509178829	0.012036994578281958	0.608412851790659
3	11466615	rs1785332	C	C	-0.12572112748575373	0.020605734509249483	0.21606795564360395
3	17099248	rs4828433	T	T	0.10496541778603452	0.01214503322162664	0.46152831235933095
3	19161634	rs9989138	T	C	-0.07093502879360668	0.025705663657656252	0.6539975523988778
3	30365614	rs6397662	G	C	0.042532906047659406	0.03543577575099203	0.8281185478380527
3	34978002	rs6768927	T	A	-0.2165645228404124	0.026403672292801973	0.0053561073927559134
3	49518372	rs4732839	C	A	-0.02385334468426668	0.030551771839101977	2.532767450040574e-06
3	49840101	rs2170365	A	A	-0.13137578136860328	0.015370904084262104	0.18538092535472067
3	57024141	rs7790968	T	C	-0.053993445953885104	0.02205237921947228	0.5711665869993748
3	61084389	rs8364386	A	G	-0.010448134637686656	0.011519104661522062	0.6706788186270718
3	62681549	rs8978450	T	G	-0.07178233860517222	0.02056734518357738	4.676485499196928e-08
3	70334164	rs1967344	C	T	0.23636334436753847	0.02681336931183529	0.5719164847285623
3	72086130	rs2226476	T	A	-0.09434155150083794	0.015848724054814047	0.5902367568243012
3	74658410	rs4737973	A	C	-0.021773098448844723	0.023842585570747782	0.5127312669978334
3	90630668	rs5856447	G	T	0.002977926323462388	0.018191773611571715	3.0275238725289055e-08
3	95804867	rs5084752	G	A	0.026389443045401913	0.014367265938581014	0.6330763227729781
3	104982440	rs3087258	T	G	-0.07174851860810814	0.020378361470236177	0.59678045219749
3	109955219	rs6321129	T	T	-0.14499401795162525	0.011253899784948949	0.7480072563240397
3	113539028	rs3547500	C	G	-0.052728594424022016	0.021505222381372258	0.4462067589653339
3	134796590	rs8168362	T	T	-0.04937705777484993	0.019820022940113792	0.9399323926519028
3	145538583	rs2661793	T	G	-0.083774798159376	0.017790159013728955	0.13265325115517715
3	146066408	rs7666455	C	A	-0.1313665308972316	0.026223440231825483	0.045328825768105
3	147356119	rs1442061	A	G	-0.23843566753562884	0.020860078495079266	0.7764915377579916
3	148435376	rs5633078	G	T	-0.15626547852660785	0.02778984424576462	0.4045746107174534
3	156714551	rs4816446	A	G	-0.0677475656997163	0.01616506694932139	0.6477777552080126
3	169844360	rs5317922	G	A	0.021274483845973986	0.01607160201694002	5.221057415800118e-06
3	171430731	rs7247794	C	T	0.009990554390240977	0.015844150570976677	0.08431047159820426
3	176529362	rs9670178	A	G	-0.15161358201032202	0.015302971080997416	6.736957585584922e-06
3	178018926	rs9652831	T	G	0.021057003395846485	0.013076766896526983	0.407638781651076
3	183087754	rs4280772	A	G	0.07943834179791776	0.018417208238687442	0.40601774158809356
3	199987907	rs4659985	G	C	-0.05262945312269738	0.022102725546140598	9.772187118863157e-06
4	11198499	rs4377778	C	A	-0.007485338593484707	0.0266317109899361	1.564315872989334e-08
4	12720477	rs5883680	G	A	-0.023070041319547825	0.024587726033320604	5.658416711736184e-06
4	17045907	rs4297291	A	C	-0.13966288557882275	0.015883203977107886	0.0953806485570359
4	18864557	rs8369434	C	A	0.22708652810355467	0.018199839426725695	0.9166041356093946
4	49014453	rs8426263	G	C	-0.046858293191001585	0.017238391632113277	7.052733494355552e-06
4	50437769	rs2255564	G	C	-0.13879460605665397	0.01762613177258146	4.3899224971257244e-08
4	58235484	rs9887324	C	A	-0.019780468589650636	0.02271413279659512	0.11429462714027948
4	77362381	rs6719720	G	G	-0.050259946060623256	0.015463699766194388	0.6732497068901381
4	82251088	rs8599600	T	C	0.0035147881424508567	0.016374334532418194	0.7430841088159839
4	92063625	rs4448678	A	A	-0.08284627689677282	0.019381358318664135	0.09433648301678071
4	93992904	rs3681719	A	A	0.04428063810209155	0.03316462218464926	0.8093263050412796
4	100471732	rs3602967	C	A	-0.119609723182438	0.021745862701559284	0.5287291318542447
4	105544289	rs9676924	A	A	0.030015558499572593	0.03000183755754041	0.00572852417497568
4	112586533	rs5424507	G	C	0.22184214241147276	0.019929009877943306	0.986246809484682
4	123415538	rs4875754	A	C	-0.025840072020716844	0.024570109796091023	0.23179127245344713
4	138184150	rs5317048	A	T	-0.04288429356304377	0.01713706668076841	0.5413741964611671
4	140970538	rs8393979	A	T	-0.046955217906133356	0.01587970579230494	0.20367510110130715
4	157118066	rs4433382	C	T	-0.07614621654189502	0.01431429309731889	0.9240276301570286
4	169645332	rs7240779	G	G	0.019339578316174066	0.021532049274926066	0.9425318822070415
4	172023458	rs3859244	C	T	0.006559384568317861	0.01913056679205416	0.7428275466565673
4	173645754	rs7617488	A	C	0.09197476143279903	0.008335810997378758	0.9384143597207055
4	195421608	rs6681635	G	C	0.0535173471049099	0.021499254758853732	0.8491805137116493
5	34942384	rs7155579	T	G	0.0795071616805784	0.025169816282495115	0.28331192937730637
5	44750190	rs9408424	A	C	-0.0027670667594261386	0.020937099402617183	0.4275013754002556
5	52569363	rs5180303	T	A	-0.027152447549138255	0.023228077370848685	0.07715439708789647
5	56229238	rs1116739	A	A	-0.0817425176021162	0.020948140616527264	0.7477968718158748
5	56454431	rs6211593	T	G	0.09093400181053757	0.01821764181315835	0.8479294044845109
5	58975251	rs9337735	A	A	0.15277236195237645	0.011874820153765458	1.2375504409510524e-08
5	85740096	rs2047343	A	T	-0.0362737913484448	0.025534952064892515	0.612262028180337
5	90268367	rs2805468	G	C	0.08770787693505877	0.02224390259283258	8.14075332102814e-09
5	94198563	rs9465506	T	T	-0.05156640338422114	0.023075150968861598	0.8900581248949979
5	100065241	rs4941237	C	A	-0.1674444263827696	0.0190961975510222	0.24373704522951656
5	100981544	rs1134055	T	A	-0.02575402200617489	0.02082829471784266	0.5694887893274121
5	109331512	rs7857658	A	C	0.017401855662060393	0.020093901521582247	0.823769158125165
5	119550901	rs2937878	C	T	0.039391197323615235	0.022618855549164468	1.6423256450630954e-07
5	124620654	rs1415008	C	G	-0.006652851755203253	0.018282944502060163	0.7894342998732492
5	126881648	rs3694287	T	T	-0.03207748329062787	0.01608865489836836	0.15061659713724182
5	137590867	rs3878604	T	C	0.09742622221288078	0.02190919530420492	0.5133730765428133
5	140218773	rs9121849	C	T	0.00811002440400215	0.012308150005159484	0.08023144423324952
5	143329802	rs7703459	A	G	-0.04849670374989711	0.020722972516482422	0.8856209080441309
5	153945311	rs9593223	T	T	0.20189661111198634	0.023148499263562917	0.5142058979989391
5	155306093	rs6511174	T	G	0.14867471357997739	0.018290561319143573	0.6383258565694286
5	157637208	rs2026553	A	T	0.050381841844018116	0.020330477798278866	0.625208517482747
5	169016921	rs5322626	A	G	-0.15215276533923128	0.01910244768629244	0.783774551293359
5	169716949	rs2721610	A	T	0.054086922248134654	0.0224589816579404	0.11007218356827321
5	188432803	rs2569123	A	G	-0.1548762922123279	0.01538237304115635	1.9386622645729522e-06
5	188446194	rs1402732	G	C	0.0353392837596908	0.020315896137782584	0.05440020461482596
5	196574678	rs2631993	G	T	0.02452778377784293	0.029823475239844542	0.3974541824175227
6	58849484	rs4357679	C	C	-0.04582165193005755	0.020474999417485186	0.308962900508252
6	59720660	rs3245909	T	C	0.045509273690964525	0.025348041310789906	0.5455897268173211
6	60387253	rs6139743	G	G	-0.0036533349918610597	0.023178647680786545	0.22917965949465
6	89146618	rs8905477	T	G	0.06459178257938111	0.025239710308760713	0.7008706271850734
6	91012399	rs1768734	C	A	0.04331205346771937	0.0176536329762261	0.910213932737408
6	91864817	rs9860935	A	A	0.02050266870618789	0.029402175732013276	0.07856704534541792
6	104231399	rs8347689	G	T	0.02822076428899345	0.016344630824744695	0.87146970669232
6	109664778	rs2564718	A	C	-0.21331330350705105	0.02075067317003109	0.8610466890503169
6	126235646	rs3704999	T	T	0.09267209977715249	0.01525777563621932	0.7865245171670232
6	137600085	rs9948331	A	A	-0.08771852006217006	0.022082307223780705	2.507577357247123e-08
6	148516100	rs9577064	A	A	-0.23041023397572868	0.019438230542648097	0.7324165406740205
6	159148712	rs4173584	G	T	-0.030635346077130948	0.022398937214920877	0.4490902541634967
6	160546825	rs1716756	G	C	0.08822157824668078	0.017225641436146213	0.6649978662926114
6	197350488	rs4207393	A	T	0.03824414178192985	0.009416681195515	0.7736648282700168
7	17689088	rs8917596	C	C	0.014596160971315018	0.027085219104738087	0.46399549156311043
7	37081386	rs7215140	A	C	-0.10953455638569168	0.02177896487463831	0.7292374505662139
7	55564054	rs4386501	A	A	0.07940170735411335	0.01274513368779456	0.1443961882573459
7	66557447	rs9370262	A	G	0.17298911545198356	0.016931015615785618	0.5466897882467379
7	67318090	rs2656671	T	T	0.08107036553499937	0.01800424103574819	0.5164292239747289
7	68606426	rs8021855	G	C	0.05391321031828054	0.014169955554623874	1.779273860710581e-08
7	70426200	rs3080154	T	C	-0.21738212562346973	0.02167249600889059	9.415660860006425e-06
7	81197726	rs1691757	G	T	-0.1300901756514126	0.025558592837620943	0.15868728690094802
7	85729603	rs2500844	T	T	0.0717990309916171	0.031205672845103654	0.22190824177976504
7	87787694	rs7503216	A	C	0.028598494072245934	0.017471718200312795	9.790627195058987e-06
7	99164033	rs6050405	G	A	0.06556103982528916	0.02373050493434662	7.820909141469166e-06
7	122562775	rs3562469	G	G	0.06575196074958747	0.022258163508247983	0.832833573550057
7	122848736	rs5108997	T	A	0.09621993545951174	0.010375941610186668	0.050498439522963796
7	126430852	rs7356228	A	C	0.17145270681937322	0.01922767240566012	0.07664504011718407
7	131971033	rs7026988	A	G	-0.09866389846395662	0.019132340854824917	0.6761286363343144
7	135666073	rs4117172	A	A	0.001002330224225371	0.01653065839595991	0.4611722895848975
7	154382256	rs3601623	T	C	-0.08613837023567439	0.021086071548236718	0.5480368763406734
7	158553165	rs6408753	T	C	0.0277062750437512	0.01943688085368607	0.7743049399177657
7	160371374	rs7846192	T	C	-0.019873903601662336	0.005492381586532104	0.45358446413283493
7	172086852	rs9476563	A	C	0.15637356160497995	0.007382562648960613	0.37149222879999766
7	174009356	rs1611213	A	G	-0.08581055447681936	0.01621225144380359	0.49570879319438876
7	190613154	rs8817304	C	G	0.0950796300336148	0.026650915431531072	0.749392958896631
7	192100046	rs5621056	C	G	0.0746187407314403	0.02442729479450169	0.04235185534959611
7	192898745	rs1076218	G	G	-0.0973749647958076	0.01888729082042801	1.667313034633793e-08
7	196190712	rs5495013	G	G	0.02341375471132961	0.02507052465639856	0.2810452710002145
8	24020885	rs7960534	G	G	0.05881999349718571	0.014426573193700103	1.027007121850006e-08
8	42869822	rs7575716	A	A	-0.24317135712621482	0.020854159492066485	0.017159610417378963
8	45196734	rs2581530	C	G	-0.012593897294683366	0.016607353323176286	0.9804357659146691
8	75062621	rs8733308	T	A	0.013808715313362986	0.018622448547657995	0.42607671691632076
8	79350878	rs1326916	T	A	-0.021862071115873072	0.022694889878505493	0.6857036859282146
8	83716910	rs7843532	G	G	-0.009410264845951668	0.013462128080544995	0.5350301543438869
8	88220897	rs7854453	G	T	-0.28062171094985433	0.01583082408280099	0.7867716356620938
8	93903549	rs6254224	G	G	-0.043520432861696705	0.029956263008217607	0.6113404888506248
8	94842126	rs2859582	T	G	-0.004101542100346362	0.022991246873149754	0.9245618097662511
8	108145828	rs8663589	G	A	-0.05792552328428466	0.010419164101670606	0.43839059618096105
8	111477445	rs2045482	C	A	-0.07810204292648908	0.03627323646577063	0.3356804763007292
8	114442790	rs6282591	T	G	-0.04120724556837896	0.014296102956570546	4.674972165694384e-08
8	119338832	rs4681262	A	C	-0.13122793853389192	0.00773796538283869	7.859375138440859e-06
8	119975349	rs6398869	G	A	0.022995444784221244	0.019467026195426743	0.637957883142112
8	130716977	rs2017433	T	G	-0.10766609345243297	0.02832220126974105	0.03501756472765759
8	143452407	rs3378837	T	C	0.08089528990389955	0.02886395588218358	0.2462935559503435
8	147443583	rs2192929	A	T	0.07688973632244733	0.009283163379313205	0.616318329087974
8	162563548	rs8750575	T	G	0.11870441117189766	0.01651133108349193	0.8013499783938899
8	165991210	rs5588334	T	A	-0.11935969103209954	0.017781908477414735	0.4994367755491367
8	166883132	rs9930264	A	T	-0.0010115911468911393	0.020628755862677102	0.9425465142175086
8	168061473	rs6298217	A	A	0.04873598031903838	0.027059382594472638	0.5546921629029885
8	169239170	rs4743797	G	A	-0.03780861009833345	0.01590956975194749	0.6789009361005898
8	191221730	rs9082655	G	C	-0.13429043982696084	0.024800692532398732	0.8816636657078895
8	192864812	rs6025764	C	A	-0.05669609755532439	0.01502500053394821	6.030971821462067e-06
8	197119899	rs6927613	G	C	-0.05834123558681296	0.019634832600905986	0.3907612447781138
9	14832640	rs9752084	T	A	0.16797916850839587	0.007873928610636996	0.4147416796092014
9	23064334	rs4351278	C	C	0.11602219035852393	0.015959032074747893	9.34572284350864e-09
9	31413513	rs5767348	A	C	0.07730999415388713	0.02039174334481297	0.7850998631185667
9	36154828	rs5241361	G	T	-0.09870817702880225	0.02029776484156808	0.674262099418079
9	43758171	rs3129885	T	C	0.11737269977425885	0.021549386422915734	0.4142067835625746
9	64446855	rs9067987	C	C	-0.09789552461072702	0.020720465238037392	0.4618488628402976
9	74190814	rs9976973	C	T	-0.036019359460994764	0.023945670125733395	0.2808891563665919
9	77246546	rs7304680	A	A	-0.05425989644310763	0.022274859453004867	1.4822220400436972e-06
9	81155332	rs7202258	T	C	0.11263668609956057	0.023389718924763367	0.7313192065380992
9	88580056	rs7231219	A	C	-0.0880461964822406	0.01826683408254589	0.38621813069710254
9	120654085	rs3614235	A	A	0.1003213199739024	0.010877795566617688	3.8453383620624495e-06
9	128094160	rs3977590	A	A	0.03744363259545732	0.010560875803748237	0.8423270814948866
9	135415503	rs6897498	T	A	-0.056719241881267826	0.027573184532901793	0.050028076635344004
9	142158973	rs3042999	A	A	-0.08961894623166604	0.010258263702863642	0.8684121038335026
9	148847812	rs5193060	T	T	-0.051232967442230354	0.028725082149938942	0.713238735724656
9	149899044	rs3342035	C	A	-0.023929677679941887	0.020771585633181405	0.3744866551640173
9	156030437	rs4364695	T	G	-0.005285995429130032	0.019606911807292574	0.5315820810010254
9	156506676	rs2962165	A	T	0.0816871780020408	0.018304773483951306	0.29150282596631366
9	172544971	rs6525633	G	T	0.03803585303839162	0.008252358465040672	0.776792715502393
9	190695762	rs2715630	G	G	0.07930563806574292	0.014757379433974035	0.20725022734588064
10	14021573	rs4672214	T	C	0.023093344082999474	0.017967688893853192	0.5885090501096373
10	33686304	rs5684346	C	T	0.14015657375153265	0.02497490834396177	0.8816168237215989
10	38617741	rs1597897	T	A	0.011391962810076983	0.026748697647753124	0.13844410897446102
10	45079273	rs5390020	A	C	-0.1238295688376046	0.021649199768116714	0.7394108357490136
10	52424149	rs9711998	T	G	0.08414927044708567	0.01908549171442391	0.06980995660808277
10	57987271	rs4185714	G	G	-0.08588387729530945	0.02235161155264145	0.011502358373382333
10	81480036	rs2755692	A	C	0.03532073945078431	0.022955543067692714	0.8581218130471611
10	81954884	rs6352825	T	G	-0.07306819638037808	0.025099622897984872	0.060614301665832634
10	87601594	rs7827299	T	A	0.1428031485234788	0.026693108671952254	0.12150417613385454
10	94691765	rs5092097	C	C	-0.12413189984277487	0.027129682907395578	0.048667177085076695
10	98663674	rs4047569	C	G	-0.05239965734553564	0.012451536203732228	0.007974325101403671
10	116438617	rs9171548	A	C	0.0340117706404645	0.021508096239767984	0.07001281209794444
10	152765117	rs1302186	A	T	0.0429331021819902	0.024472888396218785	0.37913386709906327
10	157200541	rs9877580	T	C	-0.05807777885039716	0.013971189357722307	0.8216497164824416
10	173721659	rs1996530	T	C	0.024573398292135378	0.02326855940128097	0.6274902969185615
10	183128904	rs4177993	C	G	0.1521172137764742	0.015355100228386875	0.2640117099159663
10	188246519	rs2675843	A	C	-0.03776508613345567	0.02220710749745463	0.5116406015378981
10	188455534	rs8465373	C	C	0.1297754985259672	0.01926071500078135	0.8183713827856726
11	1070640	rs9351245	A	G	-0.006879084643487817	0.024567973958895997	0.6185308734475984
11	4741196	rs7509590	T	C	-0.037382739404943216	0.02104956044820935	0.9035594078480961
11	20511512	rs6345854	A	C	0.06326212997842696	0.028433195929021722	0.4152468199243171
11	39019582	rs1886040	C	C	0.10902745063442604	0.019152753812583162	1.762500498086638e-06
11	43734307	rs2922135	T	C	0.02470266436051129	0.023141534627355836	7.348193127596434e-06
11	44928336	rs5810833	C	A	0.012111799833720521	0.01853101674929603	9.258945968126216e-06
11	55256930	rs5899856	A	G	0.10855936764081718	0.03461677808659544	0.29594992942976805
11	96856757	rs4296050	T	C	-0.010283552022439947	0.02163709885825494	0.5788443796339122
11	98278998	rs4303457	G	G	0.036114477034686863	0.023016430168368983	0.4138333270461427
11	118758049	rs4947208	G	G	-0.08911330086014864	0.020411649433585435	0.4935060571444867
11	134541075	rs7767528	G	G	-0.09231326104578484	0.026938221535288288	0.40878317345651977
11	134833947	rs9104010	G	T	-0.17786308332098036	0.02780953212383053	0.372206669821301
11	135285389	rs5720642	C	C	-0.0861920378015823	0.019852826345452546	0.6367653494271568
11	190834334	rs4081328	G	T	0.08537130456828279	0.01909496930670193	0.8815646393062075
11	191078359	rs5043064	T	G	-0.06823306298574944	0.022429811414636357	0.5940868397419068
12	17663288	rs5381137	A	A	-0.026091226611713023	0.02394481677617199	0.8613210126188326
12	23763342	rs9197295	A	A	0.05591592889031847	0.012971226346735221	5.577179469853309e-06
12	33425301	rs1953959	G	T	-0.14802840982074633	0.012574889208595511	0.833644797712617
12	49763532	rs2898739	A	A	-0.22718859164259353	0.02380386374835307	0.26760812285371893
12	53203051	rs6786265	G	C	-0.0370506301689519	0.013777708000810832	5.500457709114029e-06
12	53827729	rs3026580	T	T	0.023642467626244862	0.013085665113728877	0.46953084678844226
12	62119361	rs1709662	A	T	-0.05066105066996177	0.011002680342623054	0.7257286531049997
12	66432283	rs3694946	C	C	-0.02328934132370987	0.021680800231380207	0.859825237152922
12	69452891	rs8667105	T	A	-0.11931546460987336	0.016420415746207336	0.2040326254919213
12	81497273	rs8367664	A	G	0.10261542813968656	0.016617474392754322	0.8686409534270274
12	91372540	rs7867100	G	T	-0.07091263849019128	0.025590078272880706	3.12514596792311e-08
12	96192946	rs6927997	G	A	-0.03018845051905518	0.02200912927017001	0.7585042958975816
12	105884334	rs5180656	T	G	0.14579552335656912	0.01996399977104832	0.7026431794561703
12	119227179	rs8281505	G	C	0.019537528435174437	0.018975381041129457	0.8259194481389573
12	129759218	rs1656951	T	C	0.018158684594878998	0.02476512073572618	0.5579318658762492
12	134973601	rs2732465	C	T	-0.033885967009935944	0.03218884794029865	0.12739514213617928
12	140941329	rs8951632	A	A	-0.220403757525124	0.025614319768669038	0.6172528483585172
12	149791186	rs8553974	C	A	0.0548529858534774	0.012951531152332664	0.9611598041160081
12	154185166	rs7417665	C	C	0.07754454707630927	0.022457375318409703	0.41482097123775336
12	154250307	rs1491036	T	T	0.20568522207310203	0.01619177046930982	0.21535222793873882
12	165185668	rs6371112	G	C	0.013213672133598095	0.018627799864454904	0.4310925517546632
12	181741265	rs7357718	T	T	-0.12124770246479098	0.01891113208804057	0.8264898253148605
12	183733566	rs5131479	C	C	-0.06926615578301026	0.017062510925141286	0.10368754394846916
12	187404943	rs3412149	C	A	0.042135956804900156	0.015842490285219515	2.1527011044819288e-08
12	194363507	rs5057893	A	A	-0.05073327753885459	0.018271952426516507	0.34523650137043577
12	195212716	rs5455214	C	A	0.0005852336725376427	0.024090935680529536	0.7205683429889197
12	198206748	rs8395350	C	G	0.04575373461482302	0.015809018429952408	0.6346429100948157
13	9411883	rs2829553	G	T	0.07465600956810696	0.021209681847367857	7.299243432137619e-07
13	13831595	rs9856884	T	A	-0.012301392335691047	0.019050987401262896	0.439101174295176
13	15509187	rs7671318	T	T	-0.027572725246732585	0.014084925033339376	0.8058464741725069
13	35970444	rs7115518	A	C	0.010617876782221189	0.01820695340271229	0.5797303598356538
13	40521538	rs3659440	T	C	0.06055397780804037	0.026541120389127704	4.332228759423393e-06
13	44669391	rs4813270	C	T	0.012845173759775267	0.016465714329699017	0.9892178617802106
13	51154221	rs4188729	C	C	-0.1327936513768452	0.022675707177276603	0.4118706217700918
13	78822269	rs9551646	C	T	0.13306170355095892	0.02110190791394017	0.7406287426328816
13	84845477	rs5846769	C	G	0.030019216260019445	0.020946439471177778	0.4097451390505747
13	91197406	rs3427540	T	A	0.025921801834326005	0.02427554316077344	0.9584982506893835
13	112023110	rs1397710	G	T	-0.02354156219132219	0.019597240540903886	0.9672639148904904
13	118601287	rs4438550	C	T	-0.003973890480617454	0.02335518506339903	0.9962623239020116
13	128833288	rs1499876	A	A	0.033886515705174224	0.022132479094598444	0.34696919010796107
13	153028199	rs4597706	T	G	0.00858403967265031	0.02056257855794057	1.5827483946843834e-08
13	167026013	rs1783066	A	T	0.05879297427343916	0.0202696021265289	0.7723032921551912
13	176459001	rs2728096	A	G	0.02439643212792443	0.01072081114524838	0.45291654115690816
13	194510719	rs8635836	T	T	0.13075788107599826	0.02243582220110096	0.35486728213784036
14	2286643	rs8374592	T	A	0.050866824958713565	0.02373129853733296	5.842723139421269e-06
14	36427853	rs7511634	G	G	-0.00026016676090183626	0.014601546487488265	0.46929053447351715
14	38342772	rs6735193	G	A	0.041820661275453606	0.02611061651186527	9.897838975670609e-10
14	43573305	rs8996198	C	A	0.006977921349879786	0.022629887792088084	0.6774766400893247
14	51066487	rs5945169	A	C	-0.03221395751900639	0.020958304458673915	0.1336592449047039
14	78273675	rs5327819	A	C	-0.11944397580056998	0.01793145416162691	0.6425811845475308
14	81890201	rs8132508	G	T	-0.08112132138555482	0.02224804515035915	0.7362315202397248
14	93525563	rs7867218	T	G	-0.12696899870731074	0.021158240077419913	0.4650605977481614
14	96939748	rs4321127	G	T	-0.03797573399802421	0.02424383251303212	0.01326090099357551
14	100204497	rs8433533	C	A	-0.07604000743333061	0.01996135388872631	0.47926529731363837
14	116546206	rs9369689	C	T	-0.0814963984565443	0.022831404398586854	0.0776499995810214
14	123794587	rs8429645	T	G	-0.10374534007137465	0.022587718879061355	0.5332560667651097
14	141090082	rs6954878	A	G	-0.045703833586239695	0.019538828976833598	0.5216041800173981
14	144959985	rs6124795	T	A	0.09924608314945266	0.019660611139635117	0.541994654989017
14	151481610	rs2132658	T	T	0.07860906407411106	0.019755952059473156	0.7425334075320931
14	153025061	rs9212420	T	T	-0.0495858410736813	0.026066906999524967	0.3905997016457064
14	197972612	rs8954647	G	G	0.0209818128710042	0.013867589550957552	0.4081249756353548
15	6409861	rs4578226	G	G	0.09761483580847091	0.02282407074841465	9.663477696673785e-07
15	11986868	rs1703662	A	G	0.030233374176333396	0.020395000418055313	0.01575275556654703
15	12552291	rs8021862	G	A	-0.010803769978925038	0.021161801388419332	0.6300435780811975
15	17203305	rs2039504	G	T	-0.11386679384709131	0.01788729444797481	0.6054157033900122
15	18310852	rs6843493	G	A	0.1749241622043528	0.01116351323444712	0.7863598694841509
15	36912253	rs1506079	G	G	0.1393159969089781	0.026551923510849857	0.3856196567305194
15	41480309	rs2305585	A	C	-0.16592446183891502	0.02539771810405821	0.9115221781123833
15	54953229	rs4131209	A	A	-0.07432900029649668	0.022286149374138444	3.6055555743606663e-09
15	56553464	rs5327858	A	T	-0.05114505555502311	0.02081530533714708	0.3502094890608194
15	66438362	rs3035848	T	C	0.03798678507090812	0.029907895824075957	0.04284712674356206
15	67689168	rs6489464	T	T	-0.04890947859189071	0.017550249224197328	0.22504962575211043
15	78982667	rs8449607	C	T	0.03224907156728173	0.02233362733796052	0.45048406668488067
15	79733130	rs9464685	T	G	0.09352381613996269	0.014519384876309658	7.008425159492747e-08
15	81768647	rs3276106	A	C	0.01527178992198291	0.01338950340027571	0.6667752420647994
15	83649048	rs4881185	T	T	-0.045909106355458605	0.022643840528957866	0.38480976918493104
15	83896667	rs8583354	T	C	-0.07330060632766411	0.027480036063585893	0.8337936129993182
15	94481782	rs2142953	A	C	0.20912849024245853	0.019239000098211667	0.43316877968405326
15	117595132	rs1318408	T	T	0.12277522598193001	0.013994849169615376	0.4289906419915721
15	179838386	rs8229039	A	C	0.08269943891173177	0.016491462009375627	0.4247772827097487
15	198020478	rs9195810	T	A	0.056768675093458565	0.01221618327060638	0.7330062895921571
16	13243026	rs9439834	G	A	-0.087905088517589	0.015787997587316017	0.11188949774295837
16	20636869	rs6809041	A	A	0.225288688221975	0.015343662101418678	3.387704759763576e-08
16	30264326	rs8705092	A	T	0.13482800659263988	0.009219494843125918	0.8127154927568632
16	39720111	rs1378165	T	A	0.08863301960615896	0.021860843407360477	0.36948823921204
16	58597408	rs6787749	G	T	0.2355580258568206	0.01835732545768634	6.074552558683327e-06
16	82550308	rs6888997	C	G	-0.057908030847942986	0.019151829404524225	0.8313693925449078
16	84721515	rs4479591	C	C	-0.1120422659911617	0.032112027693949705	5.1920598943251745e-06
16	90838873	rs5988023	C	A	-0.03036167053077582	0.01863151951883808	0.1669394015067933
16	93815365	rs7849486	A	C	-0.05528350346211797	0.01603652858906961	0.21467571729389706
16	94831305	rs5374857	C	A	-0.05904780685443753	0.01765908604345478	0.429614296046442
16	104527089	rs2622572	C	C	0.03046618286980815	0.01624436971536777	6.325469688029912e-06
16	106275634	rs9168984	C	T	-0.011987254742287321	0.023309977835316527	0.6624873221021388
16	110367730	rs8240947	T	A	0.10530574330153793	0.02257200468285219	0.8636427848824031
16	112274973	rs1876031	C	G	-0.0346084417172408	0.023147970681969873	0.2315561204806892
16	113023724	rs9399911	C	G	0.17091612329782113	0.00896218137354867	0.8266537909400659
16	121907878	rs3768362	A	G	0.20333052986034647	0.022948610463706914	4.534330425642186e-06
16	127223660	rs7262105	T	A	-0.15094219134067627	0.021466310516233985	0.4843495828472458
16	131883819	rs5902666	C	T	-0.04643203444974663	0.021962325705632942	3.1399669502211526e-08
16	135789378	rs9437482	G	C	-0.019529769558209384	0.023526826051142258	0.013377549582563042
16	142802881	rs9945309	C	G	-0.06034222987597222	0.022733476618829376	0.5318937601167241
16	150951937	rs8542535	C	A	0.09403216205408799	0.02918803366532355	0.8737241829530233
16	161045166	rs1464071	G	A	0.16326524976971304	0.012238112692074693	0.7526407676888953
16	166875252	rs7944121	A	A	-0.06383438601430023	0.016253965211428703	7.867200682278626e-07
16	170373756	rs7691409	T	A	-0.026846827029164546	0.023841714747430732	0.02215125405787473
16	179871077	rs1910775	T	G	0.1042019483162937	0.019391480227910665	0.27150603919432603
16	186370428	rs1570451	G	C	0.08316283076644686	0.023710414849346675	5.556121210460739e-06
16	197400549	rs3559272	C	C	-0.008763825781647788	0.020152477523767993	0.7582697093831386
17	3276360	rs8284953	A	A	0.051284361307937745	0.02535447615669808	0.7146441284959751
17	7285088	rs4376513	A	G	0.06717472910772913	0.014829494052715346	0.5000851174704
17	8468810	rs6437149	T	A	-0.11807820626503392	0.027785492703121036	0.31861577667397956
17	16876696	rs2902897	C	T	0.15058182876396564	0.018485222310078413	0.9742479116682147
17	18163810	rs9824031	C	A	0.03438448231242994	0.028170674967444343	0.8629737692629728
17	40902996	rs4395049	G	A	-0.05184028994155219	0.02010691105552353	0.7457559215423353
17	41435721	rs3689784	C	C	-0.1533274603709125	0.02071007706127616	6.434237492832179e-06
17	51011985	rs7984720	C	A	-0.10631090366494643	0.023295156744362017	0.5122896343959127
17	74851335	rs4678086	C	C	0.01884160082974284	0.00951052279345663	0.21003724922278647
17	87966281	rs9790529	T	T	0.12219971209735021	0.019068184650615074	0.3270513737053763
17	101532608	rs1322918	G	G	-0.14209845610727792	0.02074798739036777	0.8726370761888098
17	110164720	rs2705215	A	G	-0.04161940027301406	0.016522653843391934	4.607321006099175e-06
17	115694229	rs5165100	A	T	0.15824963635802025	0.022317215361804095	0.20110671645539302
17	124637835	rs7097091	C	G	-0.0922432686011479	0.022324904148705412	0.644260281083575
17	125825546	rs3202575	C	A	-0.11242925942058309	0.026309669383657672	0.17144246236877564
17	133960449	rs2950013	C	C	-0.12259333649842029	0.016977541956099757	0.8243286486103505
17	150370722	rs8969693	C	C	-0.10577156480700543	0.00812166994453692	0.8573103292718173
17	173891082	rs7094467	T	G	-0.014699878219707273	0.021058204887543244	0.9514425143053938
17	180606266	rs2270896	G	T	-0.01743750303653105	0.02286566026346249	0.8525864290887935
17	185125585	rs7193956	A	C	-0.0875025407656245	0.011309097638317283	0.7944876887921543
17	186727425	rs4526737	C	A	-0.010606190903803867	0.02650368652944008	0.6322202755879714
17	186863908	rs4229028	T	T	-0.04056249912120662	0.01817725426732488	0.9396521147783953
17	187794507	rs2841648	C	A	-0.07294546961097387	0.01808458293223718	0.37352644169791854
17	189699652	rs1066150	T	T	0.12076654497562465	0.02188863831160818	0.7405673176122773
18	35861938	rs9555080	C	T	0.048377274095184525	0.024116144391734113	0.20796427972579706
18	36555041	rs8809006	C	C	-0.0377278205883689	0.023287622067425552	0.7729889914383737
18	43321932	rs7863382	C	G	-0.25174331023975294	0.020666286169306387	4.909528492192126e-08
18	61676365	rs9527171	C	A	-0.12050035210990276	0.026239479790539602	0.9451147376141212
18	73571674	rs1838761	G	G	-0.03070948847111013	0.0174187895649542	0.9331279031359643
18	76169697	rs7493509	G	A	0.14805680555418885	0.023686865676304122	0.7066371971249618
18	82052418	rs3118324	T	G	0.09092161664531274	0.009176428748447946	9.151574593817213e-06
18	96282726	rs1390719	G	T	-0.1400205043369109	0.021440631183638523	0.49804541265293845
18	102370985	rs8466027	C	C	-0.10734676777394524	0.025489211804441362	0.02832099128992376
18	106071545	rs9514493	T	C	-0.07622414621295823	0.008566410258922528	0.419395417770855
18	109352980	rs3244702	T	G	-0.13169555740968583	0.022182125647465394	0.4631200826903731
18	128949593	rs9847905	C	T	-0.15656718730282174	0.022278093097622693	0.48938155520618054
18	138343082	rs7733215	C	T	0.07817993113129118	0.03144473744856603	0.8741719404502044
18	153347982	rs7576651	G	T	0.06108098337547751	0.018319630069249818	0.3336134529611529
18	162998627	rs1494592	C	C	-0.012378958781091997	0.017390490929084224	0.7873754712716555
18	179580630	rs8726890	C	A	-0.010181574202956956	0.02055586080144768	1.2061000174281876e-06
19	3667867	rs7878974	G	A	-0.1772610128315822	0.015637423422040643	4.082053943184075e-08
19	4609736	rs4963735	T	A	-0.05902754833597828	0.014430734501994334	0.7648033244495527
19	7195200	rs4138145	T	C	0.05451217475889322	0.01710031482043537	0.9152580323459739
19	12643208	rs3592670	C	G	0.11590152448971568	0.008796631067901262	0.18173147599522424
19	21568697	rs1838003	T	A	-0.06969397450805717	0.027239307180383723	0.8206005516890099
19	27216317	rs2730228	A	C	-0.0019785315214965603	0.02698424100906664	0.4591946418402245
19	29267184	rs6499593	C	A	-0.024419983519242877	0.02442496693040555	0.8884652252818215
19	33359860	rs8056993	C	G	-0.0067391235718194005	0.012692219113745924	0.9817075254477164
19	39538877	rs5661029	G	C	0.12551984844532524	0.017026970830802474	0.8651946954643371
19	42142200	rs9109916	C	A	0.060863882987399455	0.0188971376625958	9.821392893308829e-06
19	44109628	rs7569632	C	T	0.26250863396216606	0.02601313650523832	0.5493471514763086
19	48010676	rs4427975	G	T	0.06735651431867	0.01485182658836062	0.02951376010465448
19	57294783	rs6813365	G	T	-0.05928279373794895	0.019608646680982927	0.4941527291611763
19	69181511	rs5806425	A	C	0.10658609987616374	0.019786481026383584	0.6906828643502951
19	72209537	rs6703394	G	C	-0.04843609442723555	0.018446227641096005	0.3732474239676701
19	77658629	rs9423309	C	C	-0.0016398776255788416	0.015675246741845866	0.5533846540638689
19	98148566	rs5912216	G	G	0.0944490972391197	0.017640702027832682	0.9492012011739597
19	107222252	rs5184056	T	G	0.030378030949050547	0.021911274695724594	0.21309287783472133
19	113347791	rs4943645	T	T	-0.12935586391672985	0.0173586051329901	0.06314966152446205
19	136353692	rs5068316	C	A	0.10519504058282658	0.007824681551135882	0.015518175543285917
19	162349749	rs6087268	T	A	-0.050483056484495005	0.019455119538523254	9.904099730883801e-06
19	182974207	rs1558924	C	G	0.024363250000737368	0.022038281268124738	0.11707487076375442
19	198193764	rs4086176	G	C	0.01420509443246092	0.014625504713454399	0.35597747277806946
20	4757974	rs9175602	T	G	0.22964430768051886	0.013550069120873934	0.4023409318877804
20	8102173	rs7232739	G	T	0.0728469912472934	0.02574711718000636	0.06653694293477314
20	8136029	rs3008960	A	C	-0.10712541496927258	0.03026083074004662	0.6789817032531116
20	12082322	rs4041341	G	T	-0.037932991983832876	0.011476514932518644	0.7707448234802426
20	19100699	rs2014929	T	T	0.05532726889509491	0.024292565767237487	0.013708413423410457
20	40138695	rs2985209	G	C	-0.006322345648295894	0.02184241801668498	0.8172541388437076
20	47977874	rs6691276	A	A	0.09505380079284438	0.02698539750366658	0.5136159104338591
20	63468859	rs6931161	A	G	-0.10953016150698572	0.020506783557732756	4.52865943842437e-06
20	65413145	rs1863561	G	A	0.05134954769210153	0.022732613154860196	0.3792327449150772
20	70800140	rs9047252	G	C	0.05513197247610424	0.022955107782799383	0.9030946969392596
20	76356616	rs4751198	A	T	-0.006328912113896347	0.02275047528513847	0.33304154145668036
20	76589337	rs5448748	G	T	-0.2759597399272884	0.019496308772969973	0.3110093847077329
20	106859763	rs8918348	C	C	-0.09518504746746241	0.025631000435945704	0.5997753172573482
20	107472997	rs5620650	C	C	-0.09308811941934042	0.029066706026227743	0.31811126585900307
20	133985867	rs6517366	A	A	-0.03644672625202288	0.028629538851761872	0.00669206240259554
20	138926382	rs5785956	A	T	0.10831785970562564	0.023796939696545786	0.5810192832241757
20	154568563	rs2324070	G	G	0.05553793476332189	0.017245444087225732	0.9876597157453284
20	156032720	rs8352207	T	T	-0.06208452192826428	0.0261785586964942	0.9250479248712611
20	158832377	rs9776957	G	A	-0.03840321778801406	0.022090935392338744	0.5210779797764827
20	159461992	rs5229215	A	G	0.13268094200419908	0.017632709531838202	6.973184902671677e-06
20	162566703	rs1829735	T	C	-0.33884280826563934	0.02663484265528338	3.5445797236726924e-09
20	177707005	rs4443609	C	C	0.16755473935444853	0.017948592820145014	0.014638112595086938
20	188581132	rs9960820	C	C	-0.13766915406380817	0.015980114631796317	0.43642523453360577
20	190736856	rs5339235	T	A	0.07840331804651038	0.022030425985081172	0.7478410960263278
20	196798321	rs3721864	G	A	0.07869695655549953	0.020882436551813127	0.7467791717673227
21	3155748	rs7145265	T	C	0.08186306617798986	0.02243063845043658	3.7639351539044516e-06
21	5345760	rs1090093	C	T	0.2512407576578319	0.015164658782639647	0.30403723214527517
21	9910852	rs5055957	T	A	-0.08186166796045768	0.029212395222836057	0.4113453531044789
21	13433196	rs8152747	C	G	0.10633748495709311	0.01728064067110342	0.5970997992290179
21	41636644	rs5506554	A	C	-0.058002800248843904	0.024915761054599295	0.9390577053962275
21	60946863	rs3508749	C	T	0.02783290612202149	0.016156568429649788	0.02497597245783597
21	61995760	rs1345266	G	A	-0.059849361671633586	0.016306845939869655	0.7839895188157686
21	76495044	rs6203916	C	G	-0.010993771537018351	0.02428887303497581	0.2119022114968047
21	78498463	rs8483058	T	C	0.03016951349460409	0.020034015491963857	0.17408993449467616
21	83537517	rs7437845	C	C	0.09343097459212313	0.020992426596692662	0.5846722434849232
21	89825083	rs7149031	T	G	-0.0030115467100099596	0.023551662481193128	5.51858237188103e-06
21	94580482	rs2524102	T	G	0.04594973060706921	0.022164883413638658	0.4145219196561441
21	103318312	rs2514542	A	G	-0.059510179415471945	0.02441930601726537	0.2967937141530304
21	141418374	rs3002324	A	G	-0.009730818877202674	0.026301037030394193	0.06933763710446088
21	151835881	rs7081687	C	C	-0.012713144165199764	0.01924293384944858	0.8288729875401961
21	163490644	rs3339767	A	A	0.0884751054763314	0.02851027577007963	0.2784647617981093
21	165572509	rs9715912	T	T	0.0569359446172438	0.019091123620585335	0.6972784462996664
21	171158648	rs9357956	C	T	-0.03894178774930377	0.030178391595193782	7.414605619176559e-06
21	175478184	rs8490200	T	C	0.0049053409274357074	0.022793848922803134	2.058277361117966e-08
21	180936571	rs9736347	A	T	0.10019522677917668	0.025483767133999705	4.195977707151935e-09
21	183676001	rs3490706	T	G	0.2173738373468239	0.02885547949655277	0.44331207645208015
21	186588834	rs9514716	A	C	-0.10593855438091404	0.022152863360470246	0.6966303049446778
22	7292518	rs6693075	T	C	-0.07840358749939741	0.027429341377588422	3.2862763639492924e-06
22	10818159	rs8904294	A	C	0.10034984535528646	0.019711960181422475	0.3122032462539215
22	13457080	rs2020154	A	T	0.2543667895301528	0.020538475028233912	0.2548897000923932
22	14081782	rs8597626	T	G	-0.06892290702168567	0.0180123508952227	0.5040087235586901
22	23558781	rs3609089	A	G	-0.13312297927140704	0.01906938826123915	0.6316471986477409
22	39660995	rs7609876	T	C	0.07954382526692877	0.024245427252254356	0.7482353490035826
22	41201137	rs1890695	G	A	0.1205926807616588	0.01097197263546617	0.41109949794435097
22	52628164	rs1428988	C	C	0.1629323336618026	0.016541912150905495	0.936267776741825
22	77165878	rs4978702	T	C	-0.02820189307630352	0.025515653530348705	0.5988494116254383
22	78264088	rs4266402	G	G	0.17921559107606325	0.01671544699751263	0.4430649317367978
22	94837987	rs1770044	C	T	0.08034458123655824	0.015200860015431762	0.8615150920898214
22	96632207	rs4498472	A	T	-0.03024668382073511	0.02148947458239345	0.6390357685933317
22	103855910	rs1431413	C	T	0.20148785611242137	0.02527333156021593	0.8917119480940939
22	108523287	rs1549239	G	A	0.03635459406873598	0.03139166514580817	0.9292891093780369
22	122160976	rs6193278	G	G	-0.11421306494313468	0.021530071990089484	0.3866263064321079
22	129161931	rs1458298	A	C	0.11090540479315865	0.019187369359350503	0.21723871414414628
22	131489576	rs6275034	C	A	0.08544606267946941	0.020657292003906102	0.2308023459799925
22	131682380	rs8456985	C	T	0.02973096456808423	0.02234302898249796	9.571384833549445e-09
22	138311963	rs2725690	T	C	-0.03571023698077398	0.020460897548182436	0.015823038100999737
22	151652071	rs6748035	G	C	0.0732345054421645	0.014623677058868325	0.5416510017525777
22	164920642	rs3653093	G	C	0.03695776026874853	0.023206251966641944	0.20417451750265134
22	165151551	rs8507324	C	C	0.07978026730494166	0.02291794234986636	0.584503950532835
22	185523489	rs7790593	G	T	-0.016879678670214577	0.014588163306138215	4.0439499419386936e-08
22	190475579	rs4352252	A	C	-0.09083021309658061	0.024775770584504118	1.0760575559603541e-06
22	198085687	rs1403119	T	G	-0.16260110917765533	0.016735210043710945	6.9132995500188065e-06
